{
  "Use Non-ASCII Font": false,
  "Tags": [],
  "Ansi 12 Color": {
    "Red Component": 0.36078432202339172,
    "Color Space": "sRGB",
    "Blue Component": 0.90196079015731812,
    "Alpha Component": 1,
    "Green Component": 0.72156864404678345
  },
  "Ansi 7 Color": {
    "Red Component": 0.40000000596046448,
    "Color Space": "sRGB",
    "Blue Component": 0.50196081399917603,
    "Alpha Component": 1,
    "Green Component": 0.45098039507865906
  },
  "Ansi 8 Color": {
    "Red Component": 0.19607843458652496,
    "Color Space": "sRGB",
    "Blue Component": 0.30196079611778259,
    "Alpha Component": 1,
    "Green Component": 0.23137255012989044
  },
  "Bold Color": {
    "Red Component": 1,
    "Color Space": "sRGB",
    "Blue Component": 0.89999991655349731,
    "Alpha Component": 1,
    "Green Component": 0.97826081514358521
  },
  "Ansi 9 Color": {
    "Red Component": 0.94901961088180542,
    "Color Space": "sRGB",
    "Blue Component": 0.47450980544090271,
    "Alpha Component": 1,
    "Green Component": 0.52941179275512695
  },
  "Ansi 4 Color": {
    "Red Component": 0.45098039507865906,
    "Color Space": "sRGB",
    "Blue Component": 1,
    "Alpha Component": 1,
    "Green Component": 0.81568628549575806
  },
  "Right Option Key Sends": 0,
  "Rows": 25,
  "Default Bookmark": "No",
  "Cursor Guide Color": {
    "Red Component": 0.70213186740875244,
    "Color Space": "sRGB",
    "Blue Component": 1,
    "Alpha Component": 0.25,
    "Green Component": 0.9268307089805603
  },
  "Non-ASCII Anti Aliased": true,
  "Use Bright Bold": true,
  "Ansi 10 Color": {
    "Red Component": 0.729411780834198,
    "Color Space": "sRGB",
    "Blue Component": 0.49411764740943909,
    "Alpha Component": 1,
    "Green Component": 0.90196079015731812
  },
  "Ambiguous Double Width": false,
  "Jobs to Ignore": [
    "rlogin",
    "ssh",
    "slogin",
    "telnet"
  ],
  "Ansi 15 Color": {
    "Red Component": 0.85098040103912354,
    "Color Space": "sRGB",
    "Blue Component": 0.80784314870834351,
    "Alpha Component": 1,
    "Green Component": 0.84313726425170898
  },
  "Foreground Color": {
    "Red Component": 0.85098057985305786,
    "Color Space": "sRGB",
    "Blue Component": 0.80784308910369873,
    "Alpha Component": 1,
    "Green Component": 0.84313732385635376
  },
  "Bound Hosts": [],
  "Working Directory": "\/Users\/markuswind",
  "Blinking Cursor": false,
  "Disable Window Resizing": true,
  "Sync Title": false,
  "Prompt Before Closing 2": false,
  "BM Growl": true,
  "Command": "",
  "Description": "Default",
  "Mouse Reporting": true,
  "Screen": -1,
  "Selection Color": {
    "Red Component": 0.19215685129165649,
    "Color Space": "sRGB",
    "Blue Component": 0.27843135595321655,
    "Alpha Component": 1,
    "Green Component": 0.23137250542640686
  },
  "Only The Default BG Color Uses Transparency": false,
  "Columns": 80,
  "Idle Code": 0,
  "Ansi 13 Color": {
    "Red Component": 0.83137255907058716,
    "Color Space": "sRGB",
    "Blue Component": 1,
    "Alpha Component": 1,
    "Green Component": 0.74901962280273438
  },
  "Custom Command": "No",
  "ASCII Anti Aliased": true,
  "Non Ascii Font": "Monaco 12",
  "Vertical Spacing": 1.0667827560240963,
  "Use Bold Font": false,
  "Option Key Sends": 0,
  "Selected Text Color": {
    "Red Component": 0.85098057985305786,
    "Color Space": "sRGB",
    "Blue Component": 0.80784308910369873,
    "Alpha Component": 1,
    "Green Component": 0.84313732385635376
  },
  "Background Color": {
    "Red Component": 0.12941177189350128,
    "Color Space": "sRGB",
    "Blue Component": 0.20000000298023224,
    "Alpha Component": 1,
    "Green Component": 0.15294118225574493
  },
  "Character Encoding": 4,
  "Ansi 11 Color": {
    "Red Component": 1,
    "Color Space": "sRGB",
    "Blue Component": 0.50196081399917603,
    "Alpha Component": 1,
    "Green Component": 0.83529412746429443
  },
  "Thin Strokes": 3,
  "Use Italic Font": true,
  "Unlimited Scrollback": false,
  "Keyboard Map": {
    "0xf700-0x260000": {
      "Action": 10,
      "Text": "[1;6A"
    },
    "0x37-0x40000": {
      "Action": 11,
      "Text": "0x1f"
    },
    "0x32-0x40000": {
      "Action": 11,
      "Text": "0x00"
    },
    "0xf709-0x20000": {
      "Action": 10,
      "Text": "[17;2~"
    },
    "0xf70c-0x20000": {
      "Action": 10,
      "Text": "[20;2~"
    },
    "0xf729-0x20000": {
      "Action": 10,
      "Text": "[1;2H"
    },
    "0xf72b-0x40000": {
      "Action": 10,
      "Text": "[1;5F"
    },
    "0xf705-0x20000": {
      "Action": 10,
      "Text": "[1;2Q"
    },
    "0xf703-0x260000": {
      "Action": 10,
      "Text": "[1;6C"
    },
    "0xf700-0x220000": {
      "Action": 10,
      "Text": "[1;2A"
    },
    "0xf701-0x280000": {
      "Action": 11,
      "Text": "0x1b 0x1b 0x5b 0x42"
    },
    "0x38-0x40000": {
      "Action": 11,
      "Text": "0x7f"
    },
    "0x33-0x40000": {
      "Action": 11,
      "Text": "0x1b"
    },
    "0xf703-0x220000": {
      "Action": 10,
      "Text": "[1;2C"
    },
    "0xf701-0x240000": {
      "Action": 10,
      "Text": "[1;5B"
    },
    "0xf70d-0x20000": {
      "Action": 10,
      "Text": "[21;2~"
    },
    "0xf702-0x260000": {
      "Action": 10,
      "Text": "[1;6D"
    },
    "0xf729-0x40000": {
      "Action": 10,
      "Text": "[1;5H"
    },
    "0xf706-0x20000": {
      "Action": 10,
      "Text": "[1;2R"
    },
    "0x34-0x40000": {
      "Action": 11,
      "Text": "0x1c"
    },
    "0xf700-0x280000": {
      "Action": 11,
      "Text": "0x1b 0x1b 0x5b 0x41"
    },
    "0x2d-0x40000": {
      "Action": 11,
      "Text": "0x1f"
    },
    "0xf70e-0x20000": {
      "Action": 10,
      "Text": "[23;2~"
    },
    "0xf702-0x220000": {
      "Action": 10,
      "Text": "[1;2D"
    },
    "0xf703-0x280000": {
      "Action": 11,
      "Text": "0x1b 0x1b 0x5b 0x43"
    },
    "0xf700-0x240000": {
      "Action": 10,
      "Text": "[1;5A"
    },
    "0xf707-0x20000": {
      "Action": 10,
      "Text": "[1;2S"
    },
    "0xf70a-0x20000": {
      "Action": 10,
      "Text": "[18;2~"
    },
    "0x35-0x40000": {
      "Action": 11,
      "Text": "0x1d"
    },
    "0xf70f-0x20000": {
      "Action": 10,
      "Text": "[24;2~"
    },
    "0xf703-0x240000": {
      "Action": 10,
      "Text": "[1;5C"
    },
    "0xf701-0x260000": {
      "Action": 10,
      "Text": "[1;6B"
    },
    "0xf702-0x280000": {
      "Action": 11,
      "Text": "0x1b 0x1b 0x5b 0x44"
    },
    "0xf72b-0x20000": {
      "Action": 10,
      "Text": "[1;2F"
    },
    "0x36-0x40000": {
      "Action": 11,
      "Text": "0x1e"
    },
    "0xf708-0x20000": {
      "Action": 10,
      "Text": "[15;2~"
    },
    "0xf701-0x220000": {
      "Action": 10,
      "Text": "[1;2B"
    },
    "0xf70b-0x20000": {
      "Action": 10,
      "Text": "[19;2~"
    },
    "0xf702-0x240000": {
      "Action": 10,
      "Text": "[1;5D"
    },
    "0xf704-0x20000": {
      "Action": 10,
      "Text": "[1;2P"
    }
  },
  "Window Type": 0,
  "Background Image Location": "",
  "Blur": true,
  "Badge Color": {
    "Red Component": 1,
    "Color Space": "sRGB",
    "Blue Component": 0,
    "Alpha Component": 0.5,
    "Green Component": 0.1491314172744751
  },
  "Scrollback Lines": 1000,
  "Send Code When Idle": false,
  "Close Sessions On End": true,
  "Terminal Type": "xterm-256color",
  "Visual Bell": true,
  "Flashing Bell": false,
  "Silence Bell": false,
  "Ansi 14 Color": {
    "Red Component": 0.58431375026702881,
    "Color Space": "sRGB",
    "Blue Component": 0.79607844352722168,
    "Alpha Component": 1,
    "Green Component": 0.90196079015731812
  },
  "ASCII Ligatures": false,
  "Name": "AyuDark",
  "Cursor Text Color": {
    "Red Component": 0.99999600648880005,
    "Color Space": "sRGB",
    "Blue Component": 1,
    "Alpha Component": 1,
    "Green Component": 1
  },
  "Minimum Contrast": 0,
  "Shortcut": "",
  "Cursor Color": {
    "Red Component": 1,
    "Color Space": "sRGB",